{
  "course_version" : 1,
  "summary" : "",
  "title" : "Spring Webflux",
  "programming_language_id" : "JAVA",
  "language" : "en",
  "course_type" : "Marketplace",
  "items" : [
    {
      "id" : 1577829353,
      "title" : "lesson1",
      "task_list" : [
        {
          "id" : 984908956,
          "name" : "task1",
          "files" : {
            "src/main/java/com/example/TaskController.java" : {
              "name" : "src/main/java/com/example/TaskController.java",
              "placeholders" : [ ],
              "is_visible" : true,
              "is_binary" : false
            },
            "test/com/example/Tests.java" : {
              "name" : "test/com/example/Tests.java",
              "placeholders" : [ ],
              "is_visible" : false,
              "is_binary" : false
            },
            "src/main/java/com/example/solution/TaskController.java" : {
              "name" : "src/main/java/com/example/solution/TaskController.java",
              "placeholders" : [ ],
              "is_visible" : true,
              "is_binary" : false
            },
            "src/main/java/com/example/SpringReactiveApplication.java" : {
              "name" : "src/main/java/com/example/SpringReactiveApplication.java",
              "placeholders" : [ ],
              "is_visible" : false,
              "is_binary" : false
            }
          },
          "description_text" : "### Task: Create a Reactive Endpoint\n\nImplement a **Spring WebFlux controller** that returns a Flux of strings.\n\n#### Requirements:\n- Create a `@RestController` with `/api/messages` endpoint.\n- The endpoint should return a **Flux<String>** containing `\"Hello\"`, `\"WebFlux\"`, `\"Students\"`.\n\n**Run tests to verify your solution!**\n",
          "description_format" : "MD",
          "task_type" : "edu"
        },
        {
          "id" : 1716566390,
          "name" : "task2",
          "files" : {
            "src/main/java/com/example/SpringReactiveApplication.java" : {
              "name" : "src/main/java/com/example/SpringReactiveApplication.java",
              "placeholders" : [ ],
              "is_visible" : false,
              "is_binary" : false
            },
            "src/main/java/com/example/TaskController.java" : {
              "name" : "src/main/java/com/example/TaskController.java",
              "placeholders" : [ ],
              "is_visible" : true,
              "is_binary" : false
            },
            "test/com/example/Tests.java" : {
              "name" : "test/com/example/Tests.java",
              "placeholders" : [ ],
              "is_visible" : false,
              "is_binary" : false
            },
            "src/main/java/com/example/solution/TaskController.java" : {
              "name" : "src/main/java/com/example/solution/TaskController.java",
              "placeholders" : [ ],
              "is_visible" : true,
              "is_binary" : false
            }
          },
          "description_text" : "### Task: Create a Reactive Endpoint\n\nImplement a **Spring WebFlux controller** that returns a Mono of string.\n\n#### Requirements:\n- Create a `@RestController` with `/api/messages` endpoint.\n- The endpoint should return a **Mono<String>** containing `\"Hello\"`\n",
          "description_format" : "MD",
          "task_type" : "edu"
        },
        {
          "id" : 1558066567,
          "name" : "task3",
          "files" : {
            "test/Tests.java" : {
              "name" : "test/Tests.java",
              "placeholders" : [ ],
              "is_visible" : false,
              "is_binary" : false
            },
            "src/Task.java" : {
              "name" : "src/Task.java",
              "placeholders" : [ ],
              "is_visible" : true,
              "is_binary" : false
            },
            "src/solution/Task.java" : {
              "name" : "src/solution/Task.java",
              "placeholders" : [ ],
              "is_visible" : true,
              "is_binary" : false
            }
          },
          "description_text" : "### Task: Create a Reactive Endpoint\n\nImplement a **Spring WebFlux ** that FlatMapping a Flux.\n\n#### Requirements:\n- Implement a method that:\n- Enters list of List.of(\"alex\", \"ben\", \"chloe\");\n- Converts names to uppercase\n- Filters names based with length greater than 3\n- Splits each name into its individual characters\n- Flattens the result into a single stream\n",
          "description_format" : "MD",
          "task_type" : "edu"
        },
        {
          "id" : 1783675170,
          "name" : "task4",
          "files" : {
            "src/Task.java" : {
              "name" : "src/Task.java",
              "placeholders" : [ ],
              "is_visible" : true,
              "is_binary" : false
            },
            "test/Tests.java" : {
              "name" : "test/Tests.java",
              "placeholders" : [ ],
              "is_visible" : false,
              "is_binary" : false
            },
            "src/solution/Task.java" : {
              "name" : "src/solution/Task.java",
              "placeholders" : [ ],
              "is_visible" : true,
              "is_binary" : false
            }
          },
          "description_text" : "### Task: Create a Reactive Endpoint\n\nImplement a **Spring WebFlux ** that Concatenating a Flux.\n\n#### Requirements:\n- Implement a method that:\n- Concatenates two Flux streams (abcFlux and defFlux)\n- abcFlux contains \"a\", \"b\", \"c\"\n- defFlux contains \"d\",\"e\",\"f\"\n- make them uppercase and emit sequentially\n",
          "description_format" : "MD",
          "task_type" : "edu"
        },
        {
          "id" : 1599470374,
          "name" : "task5",
          "files" : {
            "src/Task.java" : {
              "name" : "src/Task.java",
              "placeholders" : [ ],
              "is_visible" : true,
              "is_binary" : false
            },
            "test/Tests.java" : {
              "name" : "test/Tests.java",
              "placeholders" : [ ],
              "is_visible" : false,
              "is_binary" : false
            },
            "src/solution/Task.java" : {
              "name" : "src/solution/Task.java",
              "placeholders" : [ ],
              "is_visible" : true,
              "is_binary" : false
            }
          },
          "description_text" : "### Task: Create a Reactive Endpoint\n\nImplement a **Spring WebFlux ** that Combining a Flux.\n\n#### Requirements:\n- Implement a method that:\n- Combines elements from two Flux streams pairwise\n- abcFlux contains \"a\", \"b\", \"c\"\n- defFlux contains \"1\",\"2\",\"3\"\n- combines them to emit \"a1\", \"b2\", \"c3\" sequentially\n",
          "description_format" : "MD",
          "task_type" : "edu"
        },
        {
          "id" : 480126063,
          "name" : "task6",
          "files" : {
            "src/Task.java" : {
              "name" : "src/Task.java",
              "placeholders" : [ ],
              "is_visible" : true,
              "is_binary" : false
            },
            "test/Tests.java" : {
              "name" : "test/Tests.java",
              "placeholders" : [ ],
              "is_visible" : false,
              "is_binary" : false
            },
            "src/solution/Task.java" : {
              "name" : "src/solution/Task.java",
              "placeholders" : [ ],
              "is_visible" : true,
              "is_binary" : false
            }
          },
          "description_text" : "### Task:  Filtering and Transforming a Flux\n\nImplement a **Spring WebFlux ** that  Filtering and Transforming a Flux.\n\n#### Requirements:\n- Implement a method that:\n- that processes a Flux of names:\"alex\", \"ben\", \"chloe\"\n- Converts them to uppercase\n- Filters names longer than a given length\n- Maps names to include their length as a prefix\n- Introduces a delay of 500ms between emissions\n- Logs events during processing\n- Provides a default value if the Flux is empty\n",
          "description_format" : "MD",
          "task_type" : "edu"
        }
      ],
      "type" : "lesson"
    },
    {
      "id" : 600565800,
      "title" : "lesson2",
      "task_list" : [
        {
          "id" : 1601651256,
          "name" : "task1",
          "files" : {
            "src/Task.java" : {
              "name" : "src/Task.java",
              "placeholders" : [ ],
              "is_visible" : true,
              "is_binary" : false
            },
            "test/Tests.java" : {
              "name" : "test/Tests.java",
              "placeholders" : [ ],
              "is_visible" : false,
              "is_binary" : false
            },
            "src/solution/Task.java" : {
              "name" : "src/solution/Task.java",
              "placeholders" : [ ],
              "is_visible" : true,
              "is_binary" : false
            }
          },
          "description_text" : "### Task: Back pressure\n\nImplement a **Spring WebFlux ** handling backpressure.\n\n#### Requirements:\n- Implement a method that:\n- Create a Flux with a large range of numbers.range(1, 1000);\n- Implement a subscriber that requests elements in chunks of 10. limitRate(10);\n- add a delay of 1ms between emissions to emit fast .delayElements(Duration.ofMillis(1))\n\n\n**Run tests to verify your solution!**\n",
          "description_format" : "MD",
          "task_type" : "edu"
        },
        {
          "id" : 1321599020,
          "name" : "task2",
          "files" : {
            "src/Task.java" : {
              "name" : "src/Task.java",
              "placeholders" : [ ],
              "is_visible" : true,
              "is_binary" : false
            },
            "test/Tests.java" : {
              "name" : "test/Tests.java",
              "placeholders" : [ ],
              "is_visible" : false,
              "is_binary" : false
            },
            "src/solution/Task.java" : {
              "name" : "src/solution/Task.java",
              "placeholders" : [ ],
              "is_visible" : true,
              "is_binary" : false
            }
          },
          "description_text" : "### Task: Create a Reactive Endpoint\n\nImplement a **Spring WebFlux controller** handling backpressure.\n\n#### Requirements:\n- Implement a method that:\n- Create a Flux with a large range of numbers.range(1, 50);\n- Implement buffer of 5 elements. buffer(5);\n- add a delay of 1ms between emissions to emit fast .delayElements(Duration.ofMillis(1))\n\n\n**Run tests to verify your solution!**\n",
          "description_format" : "MD",
          "task_type" : "edu"
        },
        {
          "id" : 1209363239,
          "name" : "task3",
          "files" : {
            "src/main/java/com/example/SpringReactiveApplication.java" : {
              "name" : "src/main/java/com/example/SpringReactiveApplication.java",
              "placeholders" : [ ],
              "is_visible" : true,
              "is_binary" : false
            },
            "src/main/java/com/example/TaskController.java" : {
              "name" : "src/main/java/com/example/TaskController.java",
              "placeholders" : [ ],
              "is_visible" : true,
              "is_binary" : false
            },
            "test/com/example/Tests.java" : {
              "name" : "test/com/example/Tests.java",
              "placeholders" : [ ],
              "is_visible" : false,
              "is_binary" : false
            },
            "src/main/java/com/example/solution/TaskController.java" : {
              "name" : "src/main/java/com/example/solution/TaskController.java",
              "placeholders" : [ ],
              "is_visible" : true,
              "is_binary" : false
            }
          },
          "description_text" : "## Find All Prime Numbers in a Range Using Flux\n\nThe goal is to take a range of numbers (for example, 1 to 100), filter out non-prime numbers, and only emit the prime numbers.\n\n### Prime Number Algorithm:\nA prime number is a number greater than 1 that has no positive divisors other than 1 and itself. For example, 2, 3, 5, 7, 11, and so on.\nWe need to check each number in the given range to determine if it’s prime.\n\n1. Create Controller with start and end params\n2. Filter out non-prime numbers in a range\n3. Emit only prime numbers\n",
          "description_format" : "MD",
          "task_type" : "edu"
        },
        {
          "id" : 1721690690,
          "name" : "task4",
          "files" : {
            "test/com/example/Tests.java" : {
              "name" : "test/com/example/Tests.java",
              "placeholders" : [ ],
              "is_visible" : false,
              "is_binary" : false
            },
            "src/main/java/com/example/WebClientController.java" : {
              "name" : "src/main/java/com/example/WebClientController.java",
              "placeholders" : [ ],
              "is_visible" : true,
              "is_binary" : false
            },
            "src/main/java/com/example/SpringReactiveApplication.java" : {
              "name" : "src/main/java/com/example/SpringReactiveApplication.java",
              "placeholders" : [ ],
              "is_visible" : true,
              "is_binary" : false
            },
            "src/main/java/com/example/solution/User.java" : {
              "name" : "src/main/java/com/example/solution/User.java",
              "placeholders" : [ ],
              "is_visible" : true,
              "is_binary" : false
            },
            "src/main/java/com/example/solution/WebClientConfig.java" : {
              "name" : "src/main/java/com/example/solution/WebClientConfig.java",
              "placeholders" : [ ],
              "is_visible" : true,
              "is_binary" : false
            },
            "src/main/java/com/example/solution/WebClientService.java" : {
              "name" : "src/main/java/com/example/solution/WebClientService.java",
              "placeholders" : [ ],
              "is_visible" : true,
              "is_binary" : false
            },
            "src/main/java/com/example/solution/WebClientController.java" : {
              "name" : "src/main/java/com/example/solution/WebClientController.java",
              "placeholders" : [ ],
              "is_visible" : true,
              "is_binary" : false
            }
          },
          "description_text" : "\n\n### Task: Create a Reactive Endpoint\n\nImplement a **Spring WebFlux controller** that uses Webclient.\n\n#### Requirements:\n- Create a REST API that returns a Mono<User> calling https://jsonplaceholder.typicode.com get users/1.\n- Create an endpoint that streams a Flux<User> callin api get users/.\n- Implement WebClient to consume a reactive service.\n\n**Run tests to verify your solution!**\n\nIn Spring Boot, WebClient is a reactive web client used to make HTTP requests to external services. It is part of Spring WebFlux and is the non-blocking alternative to RestTemplate.\nYou need to create webClientConfig\n```java\n@Configuration\npublic class WebClientConfig {\n@Bean\npublic WebClient webClient() {\n    return WebClient.builder()\n           .baseUrl(\"https://api.example.com\")\n           .build();\n  }\n}\n```\n\n\nYou can make post request with:\n\n```java\n\npublic void sendData(Object requestBody) {\nMono<String> response = webClient.post()\n     .uri(\"/submit\")\n     .bodyValue(requestBody)\n     .retrieve()\n     .bodyToMono(String.class);\n\n    response.subscribe(System.out::println);\n}\n```\n\nWebClient is:\n1. Asynchronous & Non-blocking – Handles high-throughput requests efficiently.\n2. Supports Streaming – Works well with large datasets and streaming APIs.\n3. Flexible Configuration – Easily configurable with timeouts, headers, and interceptors.\n\nIf you're using OAuth2, integrate with Spring Security:(spring-boot-starter-oauth2-client)\n\n```java\n@Service\npublic class OAuth2WebClientService {\n    private final WebClient webClient;\n    private final OAuth2AuthorizedClientService authorizedClientService;\n\n    public OAuth2WebClientService(WebClient.Builder webClientBuilder, OAuth2AuthorizedClientService authorizedClientService) {\n        this.webClient = webClientBuilder.baseUrl(\"https://api.example.com\").build();\n        this.authorizedClientService = authorizedClientService;\n    }\n\n    public String fetchProtectedData(OAuth2AuthenticationToken authentication) {\n        OAuth2AuthorizedClient client = authorizedClientService.loadAuthorizedClient(\n                authentication.getAuthorizedClientRegistrationId(), authentication.getName());\n\n        String accessToken = client.getAccessToken().getTokenValue();\n\n        return webClient.get()\n                .uri(\"/protected-endpoint\")\n                .headers(headers -> headers.setBearerAuth(accessToken))\n                .retrieve()\n                .bodyToMono(String.class)\n                .block();\n    }\n}\n```",
          "description_format" : "MD",
          "task_type" : "edu"
        },
        {
          "id" : 1621613935,
          "name" : "task5",
          "files" : {
            "src/Main.java" : {
              "name" : "src/Main.java",
              "placeholders" : [ ],
              "is_visible" : true,
              "is_binary" : false
            }
          },
          "description_text" : "# Other Backpressure Strategies in Reactive Programming\n\nIn reactive programming, backpressure is a mechanism to handle the scenario where a subscriber cannot keep up with the rate of incoming data from a publisher. Here are three common strategies to deal with backpressure.\n\n## 1. `drop()` - Dropping Excess Elements\n\nIf the subscriber is too slow, we can drop elements instead of buffering them.\n\n### Example: Using `onBackpressureDrop()`\n\n```java\nimport reactor.core.publisher.Flux;\nimport java.time.Duration;\n\npublic class Task {\n    public Flux<Integer> dropExample() {\n        return Flux.range(1, 100)\n                .delayElements(Duration.ofMillis(1))\n                .onBackpressureDrop(i -> System.out.println(\"Dropped: \" + i)); // Drop items when overwhelmed\n    }\n}\n```\n- Use When:\nWe don't need every element, and losing some data is acceptable.\n- Real-World Use Case:\nLogging systems, sensor data (where only the latest values matter).\n\n## 2. `latest()` - Keeping Only the Most Recent Value\n\nIf a slow subscriber cannot keep up, we drop old values but keep the latest.\n\n### Example: Using `onBackpressureLatest()`\n\n```java\nimport reactor.core.publisher.Flux;\nimport java.time.Duration;\n\npublic class Task {\n  public Flux<Integer> latestExample() {\n    return Flux.range(1, 100)\n            .delayElements(Duration.ofMillis(1))\n            .onBackpressureLatest(); // Only keep the latest value when overwhelmed\n  }\n}\n```\n- Use When:\n  The latest value is more important than historical values.\n- Real-World Use Case:\n  Stock prices, real-time data dashboards, sensor readings.\n\n## 2. `error()` - Throwing an Error on Backpressure\n\nInstead of handling backpressure, we fail fast and throw an error.\n\n### Example: Using `onBackpressureError()`\n\n```java\nimport reactor.core.publisher.Flux;\nimport java.time.Duration;\n\npublic class Task {\n  public Flux<Integer> errorExample() {\n    return Flux.range(1, 100)\n            .delayElements(Duration.ofMillis(1))\n            .onBackpressureError(); // Throw error if subscriber is too slow\n  }\n}\n```\n- Use When:\n  We need strict processing and can't tolerate data loss.\n- Real-World Use Case:\n  Payment processing, transactional systems.\n\n\n",
          "description_format" : "MD",
          "task_type" : "theory"
        }
      ],
      "type" : "lesson"
    }
  ],
  "additional_files" : [
    {
      "name" : "build.gradle",
      "is_visible" : true,
      "is_binary" : false
    },
    {
      "name" : "settings.gradle",
      "is_visible" : true,
      "is_binary" : false
    }
  ],
  "version" : 19,
  "environment_settings" : {
    "jvm_language_level" : "JDK_1_8"
  },
  "edu_plugin_version" : "2025.2-2024.3-1399"
}